Model,Train Acc,Train Sen,Train F1,Train Spe,Train AUC,Test Acc,Test Sen,Test F1,Test Spe,Test AUC
SVM,0.8395061728395061,0.753006993006993,0.8207798135514689,0.8748186528497409,0.9269028467214996,0.7720588235294118,0.3862433862433862,0.720244055068836,0.6859875097580015,0.6263679272559054
RandomForest,0.9053497942386831,0.8466666666666667,0.8983933963063329,0.9233333333333333,0.9882169643827674,0.7647058823529411,0.38315696649029984,0.7165373757774667,0.6924277907884465,0.6764047908173593
DecisionTree,0.8395061728395061,0.753006993006993,0.8243725534119101,0.8764248704663212,0.942738082297668,0.75,0.376984126984127,0.7081820931639444,0.6777907884465261,0.5761639127417816
